id,patient_name,day_of_week,month,hour,days_between_schedule_and_visit,sex_encoded,age,predicted_waiting_time
1,ahmed,2,4,12,4,1,44.0,42.76468195995075
2,youssef,0,4,13,3,1,22.0,48.40233654907173
3,ahmed,5,4,11,4,1,44.0,37.9035696543039
4,omar,1,4,12,4,1,44.0,43.38246053157945
5,ayman,5,4,10,4,1,44.0,27.969807522009127
6,ammar,6,12,13,2,1,22.0,43.364653501601175
7,zalata,0,12,13,1,1,22.0,75.68808922004284
8,zalataa,0,12,12,1,1,22.0,46.45849321405662
